name	x	y	z	size	group
GRID_000	41.307223	-65.949056	59.407841	n/a	GRID
GRID_001	44.695187	-57.059922	61.404169	n/a	GRID
GRID_002	48.489151	-47.582721	62.116295	n/a	GRID
GRID_003	50.439703	-38.903022	64.449447	n/a	GRID
GRID_004	53.015260	-27.956726	63.831662	n/a	GRID
GRID_005	53.133173	-15.256530	62.351774	n/a	GRID
GRID_006	53.529697	-4.053853	59.423714	n/a	GRID
GRID_007	52.358533	4.858119	56.834299	n/a	GRID
GRID_008	49.459497	-69.509292	49.195036	n/a	GRID
GRID_009	53.361491	-60.172837	52.781060	n/a	GRID
GRID_010	57.048035	-49.532091	54.821810	n/a	GRID
GRID_011	60.593074	-37.920951	56.224811	n/a	GRID
GRID_012	61.692714	-26.356876	54.959265	n/a	GRID
GRID_013	61.270646	-15.928822	52.203927	n/a	GRID
GRID_014	60.170159	-7.407342	50.790953	n/a	GRID
GRID_015	58.604442	4.325755	47.222416	n/a	GRID
GRID_016	55.140770	-70.491119	37.212869	n/a	GRID
GRID_017	60.149957	-61.815188	39.765526	n/a	GRID
GRID_018	65.039447	-50.340279	43.238782	n/a	GRID
GRID_019	67.889809	-41.897616	42.003639	n/a	GRID
GRID_020	68.828604	-28.656198	42.763614	n/a	GRID
GRID_021	66.303418	-16.226883	42.852805	n/a	GRID
GRID_022	65.158927	-5.689131	41.278852	n/a	GRID
GRID_023	62.858499	3.664421	38.968639	n/a	GRID
GRID_024	56.358482	-71.764916	24.672777	n/a	GRID
GRID_025	62.466163	-61.516273	27.295547	n/a	GRID
GRID_026	67.035154	-52.103416	30.181863	n/a	GRID
GRID_027	70.539112	-42.636260	30.053530	n/a	GRID
GRID_028	71.221887	-29.383332	28.449352	n/a	GRID
GRID_029	70.056602	-18.439450	28.351348	n/a	GRID
GRID_030	68.767385	-6.553021	28.021105	n/a	GRID
GRID_031	66.177520	4.396508	26.102194	n/a	GRID
GRID_032	57.597186	-70.626850	15.657170	n/a	GRID
GRID_033	63.576968	-62.437308	15.715460	n/a	GRID
GRID_034	68.657789	-52.371887	17.396334	n/a	GRID
GRID_035	71.624463	-43.341108	16.318495	n/a	GRID
GRID_036	72.409378	-29.931307	17.362297	n/a	GRID
GRID_037	70.946169	-18.138586	16.387248	n/a	GRID
GRID_038	70.527496	-7.705664	14.147918	n/a	GRID
GRID_039	65.480986	4.743788	10.511071	n/a	GRID
GRID_040	56.492692	-71.860434	2.712087	n/a	GRID
GRID_041	63.180274	-64.059688	2.773214	n/a	GRID
GRID_042	68.558730	-54.443192	2.651249	n/a	GRID
GRID_043	73.526546	-43.755997	4.170459	n/a	GRID
GRID_044	74.524622	-30.732946	3.926228	n/a	GRID
GRID_045	73.511190	-18.945876	5.719813	n/a	GRID
GRID_046	70.629800	-6.351974	2.114701	n/a	GRID
GRID_047	66.236451	1.278611	2.560412	n/a	GRID
GRID_048	54.189721	-73.370024	-10.061869	n/a	GRID
GRID_049	61.877948	-63.274123	-9.143200	n/a	GRID
GRID_050	65.829910	-55.744745	-10.082860	n/a	GRID
GRID_051	71.790094	-43.780196	-11.154131	n/a	GRID
GRID_052	73.960088	-31.328216	-9.306426	n/a	GRID
GRID_053	75.464346	-19.283666	-8.570811	n/a	GRID
GRID_054	72.517175	-7.756467	-9.962967	n/a	GRID
GRID_055	67.373478	2.590669	-10.626392	n/a	GRID
GRID_056	50.262068	-71.062567	-20.984886	n/a	GRID
GRID_057	56.973106	-63.555050	-23.372701	n/a	GRID
GRID_058	63.805947	-53.273883	-22.516877	n/a	GRID
GRID_059	66.920477	-43.512545	-22.474973	n/a	GRID
GRID_060	71.142232	-33.654551	-23.193272	n/a	GRID
GRID_061	73.746212	-18.541652	-24.665768	n/a	GRID
GRID_062	69.279781	-8.620463	-24.429434	n/a	GRID
GRID_063	66.253944	-0.852010	-24.235571	n/a	GRID
RF_064	14.350936	71.583128	-8.227604	n/a	RF
RF_065	26.055857	69.590057	-7.623266	n/a	RF
RF_066	36.945775	67.084975	-5.855311	n/a	RF
RF_067	43.995895	61.256034	-5.905678	n/a	RF
RF_068	52.374708	52.149663	-3.812938	n/a	RF
RF_069	57.285963	41.915475	-2.769852	n/a	RF
RF_070	58.931689	30.694379	-1.675412	n/a	RF
RF_071	59.641435	22.106257	1.058760	n/a	RF
RF_072	13.731378	73.392880	5.600326	n/a	RF
RF_073	25.839307	70.825169	5.310342	n/a	RF
RF_074	36.851238	67.347884	5.924481	n/a	RF
RF_075	45.324934	61.752979	6.880383	n/a	RF
RF_076	51.808223	51.765835	9.064571	n/a	RF
RF_077	56.222178	43.905905	11.207261	n/a	RF
RF_078	60.195896	34.819413	13.059864	n/a	RF
RF_079	62.327433	21.183534	13.247106	n/a	RF
RTP_080	15.415410	16.478820	-31.969012	n/a	RTP
RTP_081	23.719229	20.452708	-38.345043	n/a	RTP
RTP_082	32.622329	23.308764	-37.663954	n/a	RTP
RTP_083	42.971606	23.683001	-36.283170	n/a	RTP
RTP_084	50.558556	19.419394	-31.791240	n/a	RTP
RTP_085	56.846067	14.431393	-23.307549	n/a	RTP
RAT_086	20.202303	4.857809	-44.913636	n/a	RAT
RAT_087	26.479321	-0.210074	-51.950677	n/a	RAT
RAT_088	34.874730	-4.392011	-51.205523	n/a	RAT
RAT_089	45.191026	-5.328760	-49.524177	n/a	RAT
RAT_090	55.664895	-5.970845	-45.535521	n/a	RAT
RAT_091	63.913484	-4.242252	-34.627151	n/a	RAT
RMT_092	16.925422	-8.094509	-32.937156	n/a	RMT
RMT_093	22.708276	-8.133829	-40.549079	n/a	RMT
RMT_094	32.629481	-12.100563	-44.459774	n/a	RMT
RMT_095	41.946954	-12.646846	-44.304957	n/a	RMT
RMT_096	54.628028	-12.421388	-46.067228	n/a	RMT
RMT_097	61.444840	-6.473897	-40.056035	n/a	RMT
RPT_098	4.362833	-57.940886	2.700498	n/a	RPT
RPT_099	11.415846	-54.581973	-7.839596	n/a	RPT
RPT_100	17.674039	-53.134863	-13.743028	n/a	RPT
RPT_101	27.912480	-50.439540	-21.550548	n/a	RPT
RPT_102	35.655350	-50.631454	-24.993296	n/a	RPT
RPT_103	44.120420	-48.311634	-29.779436	n/a	RPT
RPT_104	54.810890	-43.373136	-31.986908	n/a	RPT
RPT_105	65.503592	-44.223297	-24.149262	n/a	RPT
