name	type	units	low_cutoff	high_cutoff	sampling_frequency	group	status	status_description	source_electrode_id	source_filtering	standard_deviation	kurtosis	median_deviation	low_freq_R2	high_freq_R2
GRID_000	ECOG	µV	1	200	500	GRID	bad	source electrodes.good = False (author QC: abnormal SD or kurtosis)	0	250 Hz lowpass	52.722067	6.979021	40.332603	-0.005928	-0.005575
GRID_001	ECOG	µV	1	200	500	GRID	good	n/a	1	250 Hz lowpass	49.506262	4.654007	39.832664	-0.003253	-0.002361
GRID_002	ECOG	µV	1	200	500	GRID	good	n/a	2	250 Hz lowpass	43.876698	9.049375	32.855222	0.002872	0.001557
GRID_003	ECOG	µV	1	200	500	GRID	good	n/a	3	250 Hz lowpass	29.379668	7.028024	22.694745	-0.003130	-0.005625
GRID_004	ECOG	µV	1	200	500	GRID	good	n/a	4	250 Hz lowpass	48.374306	13.584617	32.364838	-0.005027	-0.003978
GRID_005	ECOG	µV	1	200	500	GRID	good	n/a	5	250 Hz lowpass	45.909550	5.052981	37.273335	-0.003831	-0.004490
GRID_006	ECOG	µV	1	200	500	GRID	good	n/a	6	250 Hz lowpass	59.331055	15.099017	33.649391	-0.001450	-0.003544
GRID_007	ECOG	µV	1	200	500	GRID	good	n/a	7	250 Hz lowpass	67.983983	7.483490	52.081268	-0.008696	-0.007020
GRID_008	ECOG	µV	1	200	500	GRID	good	n/a	8	250 Hz lowpass	27.105849	5.851701	23.242454	-0.005766	-0.009720
GRID_009	ECOG	µV	1	200	500	GRID	good	n/a	9	250 Hz lowpass	49.496638	4.656490	40.244160	-0.009115	-0.001341
GRID_010	ECOG	µV	1	200	500	GRID	good	n/a	10	250 Hz lowpass	38.663003	5.662695	31.838103	-0.004620	-0.001987
GRID_011	ECOG	µV	1	200	500	GRID	good	n/a	11	250 Hz lowpass	41.063525	5.853343	33.971156	-0.001522	0.001832
GRID_012	ECOG	µV	1	200	500	GRID	good	n/a	12	250 Hz lowpass	42.076867	5.053710	35.715665	-0.007744	-0.009244
GRID_013	ECOG	µV	1	200	500	GRID	good	n/a	13	250 Hz lowpass	42.351455	9.507681	30.403107	-0.007700	-0.005364
GRID_014	ECOG	µV	1	200	500	GRID	good	n/a	14	250 Hz lowpass	50.884588	6.400375	39.492894	-0.008527	-0.007304
GRID_015	ECOG	µV	1	200	500	GRID	good	n/a	15	250 Hz lowpass	48.785632	5.843874	38.591737	-0.009018	-0.011085
GRID_016	ECOG	µV	1	200	500	GRID	good	n/a	16	250 Hz lowpass	20.797018	3.821660	17.729577	-0.006681	0.005863
GRID_017	ECOG	µV	1	200	500	GRID	good	n/a	17	250 Hz lowpass	21.677982	5.527486	17.654398	-0.002203	0.000912
GRID_018	ECOG	µV	1	200	500	GRID	good	n/a	18	250 Hz lowpass	44.495754	2.687963	37.726841	-0.007450	-0.008223
GRID_019	ECOG	µV	1	200	500	GRID	good	n/a	19	250 Hz lowpass	28.673737	5.417030	23.180864	-0.004279	-0.004685
GRID_020	ECOG	µV	1	200	500	GRID	good	n/a	20	250 Hz lowpass	37.805159	2.082362	33.462508	-0.004828	0.001458
GRID_021	ECOG	µV	1	200	500	GRID	good	n/a	21	250 Hz lowpass	43.583215	3.754175	35.712871	-0.000360	-0.007423
GRID_022	ECOG	µV	1	200	500	GRID	good	n/a	22	250 Hz lowpass	31.718977	6.665451	25.407796	-0.008174	-0.012694
GRID_023	ECOG	µV	1	200	500	GRID	good	n/a	23	250 Hz lowpass	40.352506	2.015412	35.751304	0.003734	0.012896
GRID_024	ECOG	µV	1	200	500	GRID	good	n/a	24	250 Hz lowpass	28.398706	2.680118	25.057302	-0.004176	-0.004815
GRID_025	ECOG	µV	1	200	500	GRID	good	n/a	25	250 Hz lowpass	20.308959	6.536820	17.141956	-0.005703	-0.005999
GRID_026	ECOG	µV	1	200	500	GRID	good	n/a	26	250 Hz lowpass	22.165196	5.801452	18.888403	-0.006035	0.067781
GRID_027	ECOG	µV	1	200	500	GRID	good	n/a	27	250 Hz lowpass	24.353313	2.991404	20.935521	-0.006892	0.014613
GRID_028	ECOG	µV	1	200	500	GRID	good	n/a	28	250 Hz lowpass	19.456599	23.271246	15.717223	-0.005092	-0.005209
GRID_029	ECOG	µV	1	200	500	GRID	good	n/a	29	250 Hz lowpass	23.392386	6.014221	18.835437	-0.007298	-0.000264
GRID_030	ECOG	µV	1	200	500	GRID	good	n/a	30	250 Hz lowpass	19.049701	7.553718	15.101263	-0.011960	0.001670
GRID_031	ECOG	µV	1	200	500	GRID	good	n/a	31	250 Hz lowpass	46.284441	20.988742	38.736825	-0.004570	0.009808
GRID_032	ECOG	µV	1	200	500	GRID	good	n/a	32	250 Hz lowpass	28.218683	15.596789	23.110875	-0.006796	-0.002001
GRID_033	ECOG	µV	1	200	500	GRID	good	n/a	33	250 Hz lowpass	34.039315	4.562686	28.722920	-0.005703	0.002452
GRID_034	ECOG	µV	1	200	500	GRID	good	n/a	34	250 Hz lowpass	25.398360	5.401847	20.856997	-0.006885	-0.001765
GRID_035	ECOG	µV	1	200	500	GRID	good	n/a	35	250 Hz lowpass	46.538580	2.596835	40.941552	-0.005752	-0.006418
GRID_036	ECOG	µV	1	200	500	GRID	good	n/a	36	250 Hz lowpass	37.991197	3.651337	31.965805	-0.006080	0.011125
GRID_037	ECOG	µV	1	200	500	GRID	good	n/a	37	250 Hz lowpass	34.018954	5.417385	27.892385	-0.003101	0.001889
GRID_038	ECOG	µV	1	200	500	GRID	good	n/a	38	250 Hz lowpass	29.928125	6.437227	23.953743	0.005643	-0.003157
GRID_039	ECOG	µV	1	200	500	GRID	good	n/a	39	250 Hz lowpass	59.661043	11.217072	43.633953	-0.004197	0.004970
GRID_040	ECOG	µV	1	200	500	GRID	good	n/a	40	250 Hz lowpass	32.623839	4.743196	26.344474	-0.005596	-0.008394
GRID_041	ECOG	µV	1	200	500	GRID	good	n/a	41	250 Hz lowpass	40.256961	3.616844	33.554661	-0.007098	-0.009167
GRID_042	ECOG	µV	1	200	500	GRID	good	n/a	42	250 Hz lowpass	32.456122	5.000865	26.916536	0.001036	-0.004223
GRID_043	ECOG	µV	1	200	500	GRID	good	n/a	43	250 Hz lowpass	37.715533	2.943233	33.151486	-0.001896	0.061049
GRID_044	ECOG	µV	1	200	500	GRID	good	n/a	44	250 Hz lowpass	55.240477	3.716793	45.701350	-0.002498	-0.002935
GRID_045	ECOG	µV	1	200	500	GRID	good	n/a	45	250 Hz lowpass	46.301255	9.286872	33.549291	0.005970	0.007681
GRID_046	ECOG	µV	1	200	500	GRID	good	n/a	46	250 Hz lowpass	42.879769	7.097765	34.555163	-0.002212	-0.009179
GRID_047	ECOG	µV	1	200	500	GRID	good	n/a	47	250 Hz lowpass	36.471242	4.731547	30.747382	-0.001326	-0.007775
GRID_048	ECOG	µV	1	200	500	GRID	good	n/a	48	250 Hz lowpass	36.092804	3.114367	30.760206	-0.005152	-0.000458
GRID_049	ECOG	µV	1	200	500	GRID	good	n/a	49	250 Hz lowpass	41.625227	9.758698	35.173603	-0.000732	-0.005517
GRID_050	ECOG	µV	1	200	500	GRID	good	n/a	50	250 Hz lowpass	36.253155	44.898705	29.391647	-0.004613	-0.005275
GRID_051	ECOG	µV	1	200	500	GRID	good	n/a	51	250 Hz lowpass	42.495015	3.949290	37.283179	-0.006687	0.001013
GRID_052	ECOG	µV	1	200	500	GRID	good	n/a	52	250 Hz lowpass	44.912223	9.198546	38.410900	0.000800	0.032074
GRID_053	ECOG	µV	1	200	500	GRID	good	n/a	53	250 Hz lowpass	44.606440	8.257247	32.989374	0.017821	0.023062
GRID_054	ECOG	µV	1	200	500	GRID	good	n/a	54	250 Hz lowpass	53.218514	40.375663	41.554853	-0.000626	0.002596
GRID_055	ECOG	µV	1	200	500	GRID	good	n/a	55	250 Hz lowpass	42.337397	30.081372	32.443000	-0.002888	-0.002331
GRID_056	ECOG	µV	1	200	500	GRID	good	n/a	56	250 Hz lowpass	39.306026	4.862653	31.873590	-0.001602	-0.003987
GRID_057	ECOG	µV	1	200	500	GRID	good	n/a	57	250 Hz lowpass	25.682057	5.360085	20.921842	-0.004155	-0.007799
GRID_058	ECOG	µV	1	200	500	GRID	good	n/a	58	250 Hz lowpass	26.312750	6.401666	21.562135	-0.005288	-0.009760
GRID_059	ECOG	µV	1	200	500	GRID	good	n/a	59	250 Hz lowpass	25.821181	84.650972	21.008742	-0.000395	-0.007534
GRID_060	ECOG	µV	1	200	500	GRID	bad	source electrodes.good = False (author QC: abnormal SD or kurtosis)	60	250 Hz lowpass	38.465195	412.793772	21.729646	0.003628	0.007380
GRID_061	ECOG	µV	1	200	500	GRID	bad	source electrodes.good = False (author QC: abnormal SD or kurtosis)	61	250 Hz lowpass	34.840650	39506.616047	15.803173	0.031650	0.006806
GRID_062	ECOG	µV	1	200	500	GRID	bad	source electrodes.good = False (author QC: abnormal SD or kurtosis)	62	250 Hz lowpass	52.373020	5619.392058	29.978247	0.039085	0.038413
GRID_063	ECOG	µV	1	200	500	GRID	bad	source electrodes.good = False (author QC: abnormal SD or kurtosis)	63	250 Hz lowpass	44.091444	174.465634	27.952579	0.017891	0.088598
ROF_064	ECOG	µV	1	200	500	ROF	good	n/a	64	250 Hz lowpass	34.069715	7.578501	23.959724	-0.008249	-0.007517
ROF_065	ECOG	µV	1	200	500	ROF	good	n/a	65	250 Hz lowpass	33.031449	13.008937	21.634745	-0.000456	-0.009759
ROF_066	ECOG	µV	1	200	500	ROF	good	n/a	66	250 Hz lowpass	29.454210	90.066094	17.788974	0.000940	-0.009087
ROF_067	ECOG	µV	1	200	500	ROF	good	n/a	67	250 Hz lowpass	28.453269	7.569903	19.113660	-0.007099	-0.008519
ROF_068	ECOG	µV	1	200	500	ROF	good	n/a	68	250 Hz lowpass	47.390930	17.435360	27.805588	-0.006309	-0.001014
ROF_069	ECOG	µV	1	200	500	ROF	good	n/a	69	250 Hz lowpass	50.312354	7.500269	32.953622	-0.004928	-0.007190
ROF_070	ECOG	µV	1	200	500	ROF	good	n/a	70	250 Hz lowpass	48.826338	8.805633	31.243115	0.004682	-0.010072
ROF_071	ECOG	µV	1	200	500	ROF	good	n/a	71	250 Hz lowpass	36.932043	9.680511	24.220068	-0.001699	-0.003518
RAT_072	ECOG	µV	1	200	500	RAT	good	n/a	72	250 Hz lowpass	38.163385	25.678978	28.503186	-0.006866	-0.004123
RAT_073	ECOG	µV	1	200	500	RAT	good	n/a	73	250 Hz lowpass	39.502935	9.166972	27.330076	-0.002846	-0.001224
RAT_074	ECOG	µV	1	200	500	RAT	good	n/a	74	250 Hz lowpass	34.429241	4.364352	26.053885	-0.012996	-0.005961
RAT_075	ECOG	µV	1	200	500	RAT	good	n/a	75	250 Hz lowpass	32.426154	24.343825	23.385990	-0.011534	-0.005658
RAT_076	ECOG	µV	1	200	500	RAT	good	n/a	76	250 Hz lowpass	20.950605	30.506620	10.384737	-0.002527	-0.008995
RAT_077	ECOG	µV	1	200	500	RAT	good	n/a	77	250 Hz lowpass	20.011937	65.691340	9.680287	-0.001629	-0.005448
RMT_078	ECOG	µV	1	200	500	RMT	bad	source electrodes.good = False (author QC: abnormal SD or kurtosis)	78	250 Hz lowpass	41.005668	469.702908	30.826867	-0.007477	0.005241
RMT_079	ECOG	µV	1	200	500	RMT	good	n/a	79	250 Hz lowpass	37.944782	4.229529	29.491045	-0.005711	-0.007449
RMT_080	ECOG	µV	1	200	500	RMT	bad	source electrodes.good = False (author QC: abnormal SD or kurtosis)	80	250 Hz lowpass	39.357842	126.446048	29.662616	-0.005510	-0.003843
RMT_081	ECOG	µV	1	200	500	RMT	good	n/a	81	250 Hz lowpass	42.245070	4.096783	32.357526	-0.009508	0.001001
RMT_082	ECOG	µV	1	200	500	RMT	good	n/a	82	250 Hz lowpass	19.232367	16.615049	9.485690	0.001904	-0.005201
RMT_083	ECOG	µV	1	200	500	RMT	good	n/a	83	250 Hz lowpass	17.825215	74.735745	8.778883	-0.007180	-0.002789
RPT_084	ECOG	µV	1	200	500	RPT	good	n/a	84	250 Hz lowpass	46.373277	2.750399	37.105257	0.004337	0.022997
RPT_085	ECOG	µV	1	200	500	RPT	good	n/a	85	250 Hz lowpass	56.255679	7.148936	38.382913	-0.007716	0.007452
RPT_086	ECOG	µV	1	200	500	RPT	good	n/a	86	250 Hz lowpass	39.342146	3.669503	31.126102	-0.007100	0.011396
RPT_087	ECOG	µV	1	200	500	RPT	good	n/a	87	250 Hz lowpass	25.075747	6.252276	18.407563	-0.000943	0.010240
RPT_088	ECOG	µV	1	200	500	RPT	good	n/a	88	250 Hz lowpass	33.721184	6.822455	24.614492	-0.000445	-0.003442
RPT_089	ECOG	µV	1	200	500	RPT	good	n/a	89	250 Hz lowpass	41.015257	13.931810	26.185453	-0.008798	-0.011766
RPT_090	ECOG	µV	1	200	500	RPT	good	n/a	90	250 Hz lowpass	15.490221	12.268070	8.780230	-0.000730	-0.009639
RPT_091	ECOG	µV	1	200	500	RPT	good	n/a	91	250 Hz lowpass	17.705977	16.878146	10.245029	-0.000159	-0.009656
